Scrape Date,Scrape Time,Store Name,Product Brand,Product Name,Product URL,Product Image URL,Product UPC,Product Model,Manufacturer #,Product Price,In Stock
01-08-2023,16:14:23,Fram&Home Supply,#30-06 Outdoors," 30-06 OUTDOORS LSN-1 String Lubricant, Orange",https://www.farmandhomesupply.com/30-06-outdoors-lsn-1-string-lubricant-orange.html,https://www.farmandhomesupply.com/media/catalog/product/1/0/102690726_hr.jpg?quality=100&fit=bounds&height=460&width=460&canvas=460:460,UPC-147164814408,,LSN-1,$3.99,Yes
01-08-2023,16:14:35,Fram&Home Supply,#30-06 Outdoors," 30-06 OUTDOORS MA100-3 Main Artery Broadhead, Aluminum",https://www.farmandhomesupply.com/30-06-outdoors-ma100-3-main-artery-broadhead-aluminum.html,,UPC-647164100087,,MA100-3,$14.99,No
01-08-2023,16:14:39,Fram&Home Supply,#30-06 Outdoors," 30-06 OUTDOORS FW5-1 Fletch Weld Arrow Fletching Glue, Water-Resistant, Black, For: Carbon and Aluminum Shafts",https://www.farmandhomesupply.com/30-06-outdoors-fw5-1-fletch-weld-arrow-fletching-glue-water-resistant-black-for-carbon-and-aluminum-shafts.html,,UPC-147164800012,,FW5-1,$9.99,No
01-08-2023,16:14:44,Fram&Home Supply,#30-06 Outdoors," 30-06 OUTDOORS BBH100-3 Bloodbath Broadhead, Aluminum",https://www.farmandhomesupply.com/30-06-outdoors-bbh100-3-bloodbath-broadhead-aluminum.html,,UPC-647164100070,,BBH100-3,$21.99,No
01-08-2023,16:14:56,Fram&Home Supply,#30-06 Outdoors," 30-06 OUTDOORS AXBC-1 Alpha Crossbow Case, Black/Brown",https://www.farmandhomesupply.com/30-06-outdoors-axbc-1-alpha-crossbow-case-black-brown.html,,UPC-147164810516,,AXBC-1,$74.99,No
01-08-2023,16:15:05,Fram&Home Supply,#30-06 Outdoors," 30-06 OUTDOORS VHAG-1 Vision Arm Guard, Black",https://www.farmandhomesupply.com/30-06-outdoors-vhag-1-vision-arm-guard-black.html,,UPC-147164811131,,VHAG-1,$12.99,No
01-08-2023,16:15:10,Fram&Home Supply,#30-06 Outdoors," 30-06 OUTDOORS HEX-1 Hex Key Set, Yellow, Specifications: Allen Wrench, 5/64 to 1/4 in Size",https://www.farmandhomesupply.com/30-06-outdoors-hex-1-hex-key-set-yellow-specifications-allen-wrench-5-64-to-1-4-in-size.html,,UPC-647164100308,,HEX-1,$7.99,No
01-08-2023,16:15:17,Fram&Home Supply,#30-06 Outdoors," 30-06 OUTDOORS VIBED-BK Vibe Down Damp Kit, Rubber, Black",https://www.farmandhomesupply.com/30-06-outdoors-vibed-bk-vibe-down-damp-kit-rubber-black.html,,UPC-647164100391,,VIBED-BK,$10.99,No
01-08-2023,16:15:24,Fram&Home Supply,#30-06 Outdoors," 30-06 OUTDOORS RCD-1 Crossbow Rope Cocking Kit, 3-Piece, BCY, Black",https://www.farmandhomesupply.com/30-06-outdoors-rcd-1-crossbow-rope-cocking-kit-3-piece-bcy-black.html,,UPC-647164102029,,RCD-1,$19.99,No
01-08-2023,16:15:30,Fram&Home Supply,#30-06 Outdoors," 30-06 OUTDOORS IW5-1 Arrow Insert Glue, Military-Grade, Shock-Resistant, Rubber, Black",https://www.farmandhomesupply.com/30-06-outdoors-iw5-1-arrow-insert-glue-military-grade-shock-resistant-rubber-black.html,,UPC-400155812686,,IW5-1,$12.99,No
01-08-2023,16:15:34,Fram&Home Supply,#30-06 Outdoors," 30-06 OUTDOORS CCXBS-1 Comfort Carry Crossover Sling, For: Shotguns, Crossbow, Rifles, Muzzleloaders, Air Rifles",https://www.farmandhomesupply.com/30-06-outdoors-ccxbs-1-comfort-carry-crossover-sling-for-shotguns-crossbow-rifles-muzzleloaders-air-rifles.html,,UPC-147164810578,,CCXBS-1,$22.99,No
01-08-2023,16:15:47,Fram&Home Supply,#30-06 Outdoors," 30-06 OUTDOORS REL-EMOJI Emoji Bow Release, Purple/Red",https://www.farmandhomesupply.com/30-06-outdoors-rel-emoji-emoji-bow-release-purple-red.html,,UPC-647164100988,,REL-EMOJI,$26.99,No
01-08-2023,16:15:52,Fram&Home Supply,#30-06 Outdoors," 30-06 OUTDOORS GVAG-1 Guardian Arm Guard, Black",https://www.farmandhomesupply.com/30-06-outdoors-gvag-1-guardian-arm-guard-black.html,,UPC-147164811124,,GVAG-1,$13.99,No
01-08-2023,16:15:55,Fram&Home Supply,#30-06 Outdoors," 30-06 OUTDOORS PP100RH-1 PinPoint Arrow Rest, Aluminum, Black",https://www.farmandhomesupply.com/30-06-outdoors-pp100rh-1-pinpoint-arrow-rest-aluminum-black.html,,UPC-647164100094,,PP100RH-1,$39.99,No
01-08-2023,16:16:00,Fram&Home Supply,#30-06 Outdoors," 30-06 OUTDOORS SL-1 KP Bow Sight Light, Black",https://www.farmandhomesupply.com/30-06-outdoors-sl-1-kp-bow-sight-light-black.html,,UPC-147164830057,,SL-1,$10.99,No
01-08-2023,16:16:04,Fram&Home Supply,#30-06 Outdoors, 30-06 OUTDOORS XCOFF-1 Cross Coffin Crossbow Case,https://www.farmandhomesupply.com/30-06-outdoors-xcoff-1-cross-coffin-crossbow-case.html,,UPC-647164102005,,XCOFF-1,$69.99,No
01-08-2023,16:16:09,Fram&Home Supply,#30-06 Outdoors," 30-06 OUTDOORS BBK-BLACK Bow Buddy Kickstand, Ultra Light, Black",https://www.farmandhomesupply.com/30-06-outdoors-bbk-black-bow-buddy-kickstand-ultra-light-black.html,,UPC-147164777901,,BBK-BLACK,$3.00,No
01-08-2023,16:16:13,Fram&Home Supply,#30-06 Outdoors," 30-06 OUTDOORS SGS-1 Stealth Gun Sling, Black, For: Air Rifles, Crossbow, Muzzleloaders, Rifles, Shotguns",https://www.farmandhomesupply.com/30-06-outdoors-sgs-1-stealth-gun-sling-black-for-air-rifles-crossbow-muzzleloaders-rifles-shotguns.html,,UPC-147164810561,,SGS-1,$18.99,No
01-08-2023,16:16:16,Fram&Home Supply,#30-06 Outdoors," 30-06 OUTDOORS COMBAT CHG-11 Handgun Carrying Case, 11 in L, 2-Compartment, Nylon, Black",https://www.farmandhomesupply.com/30-06-outdoors-combat-chg-11-handgun-carrying-case-11-in-l-2-compartment-nylon-black.html,,UPC-647164100889,,CHG-11,$6.00,No
01-08-2023,16:16:21,Fram&Home Supply,#30-06 Outdoors, 30-06 OUTDOORS SS-1 Bow String Wax Lube,https://www.farmandhomesupply.com/30-06-outdoors-ss-1-bow-string-wax-lube.html,,UPC-147164779370,,SS-1,$8.99,No
01-08-2023,16:16:24,Fram&Home Supply,#30-06 Outdoors, 30-06 OUTDOORS RS-1 Crossbow Rail Lube,https://www.farmandhomesupply.com/30-06-outdoors-rs-1-crossbow-rail-lube.html,,,,RS-1,$10.99,No
01-08-2023,16:16:29,Fram&Home Supply,#30-06 Outdoors, 30-06 OUTDOORS XF-1 Crossbow Rail Lube Felt Tip Applicator,https://www.farmandhomesupply.com/30-06-outdoors-xf-1-crossbow-rail-lube-felt-tip-applicator.html,,UPC-147164810004,,XF-1,$10.99,No
01-08-2023,16:16:33,Fram&Home Supply,#30-06 Outdoors," 30-06 OUTDOORS BS-1 Bow Oiler Pen with Needle, Odorless",https://www.farmandhomesupply.com/30-06-outdoors-bs-1-bow-oiler-pen-with-needle-odorless.html,,UPC-400155812716,,BS-1,$10.99,No
01-08-2023,16:16:38,Fram&Home Supply,#30-06 Outdoors, 30-06 OUTDOORS AS-1 Arrow Release Fluid,https://www.farmandhomesupply.com/30-06-outdoors-as-1-arrow-release-fluid.html,,UPC-147164130034,,AS-1,$10.99,No
01-08-2023,16:16:44,Fram&Home Supply,#30-06 Outdoors," 30-06 OUTDOORS COMBAT CHG-9 Handgun Carrying Case, 9 in L, 2-Compartment, Nylon, Black",https://www.farmandhomesupply.com/30-06-outdoors-combat-chg-9-handgun-carrying-case-9-in-l-2-compartment-nylon-black.html,,UPC-647164100872,,CHG-9,$5.00,No
